,word,count,genres,title_occurrence,%_occurrence,mean_rating,Unnamed: 0,index
0,war,69,History,58,16.95906432748538,7.033330022440601,0.0,2663.0
1,story,68,History,58,16.95906432748538,7.041620877167926,1.0,994.0
2,life,66,History,55,16.08187134502924,6.884023652369649,2.0,908.0
3,film,63,History,48,14.035087719298245,7.074265638867367,3.0,3035.0
4,young,43,History,36,10.526315789473683,6.805817019793739,4.0,3812.0
5,american,39,History,33,9.649122807017545,7.073361350880011,5.0,419.0
6,world,34,History,32,9.35672514619883,7.114116406508787,6.0,4117.0
7,new,39,History,31,9.064327485380115,7.200618165304257,7.0,382.0
8,true,32,History,30,8.771929824561404,6.948149300964032,8.0,2726.0
9,family,34,History,30,8.771929824561404,6.672068665705947,9.0,813.0
10,british,51,History,30,8.771929824561404,7.035948742708228,10.0,1971.0
11,own,30,History,27,7.894736842105263,7.053460807606969,11.0,2016.0
12,get,30,History,26,7.60233918128655,6.99070760059788,12.0,3674.0
13,years,30,History,25,7.309941520467836,7.00680349985362,13.0,8.0
14,men,29,History,24,7.017543859649122,7.17459525154327,14.0,3057.0
15,history,24,History,23,6.7251461988304095,7.004649720862632,15.0,2697.0
16,other,23,History,23,6.7251461988304095,7.072113638817259,16.0,3344.0
17,man,23,History,22,6.432748538011696,6.879964119700063,17.0,2679.0
18,wife,22,History,22,6.432748538011696,6.620208889141299,18.0,2586.0
19,events,22,History,22,6.432748538011696,7.164137828009999,19.0,436.0
20,army,28,History,21,6.140350877192983,7.019139906891725,20.0,3125.0
21,way,21,History,20,5.847953216374269,7.117642621944965,21.0,3392.0
22,military,24,History,20,5.847953216374269,6.863209968049164,22.0,1371.0
23,love,27,History,20,5.847953216374269,6.892600487769768,23.0,4175.0
24,time,22,History,20,5.847953216374269,6.992593672268535,24.0,4282.0
25,small,22,History,19,5.555555555555555,6.85937153252333,25.0,1214.0
26,many,20,History,18,5.2631578947368425,7.103691058094426,26.0,2629.0
27,political,26,History,18,5.2631578947368425,7.005602816098407,27.0,368.0
28,death,20,History,18,5.2631578947368425,6.75328605852338,28.0,2449.0
29,civil,19,History,18,5.2631578947368425,7.258182517900939,29.0,4028.0
0,man,21,Film-Noir,17,20.0,7.397246803898646,0.0,650.0
1,wife,18,Film-Noir,17,20.0,6.924629495497582,1.0,512.0
2,police,20,Film-Noir,16,18.823529411764707,7.062710430045169,2.0,938.0
3,new,19,Film-Noir,15,17.647058823529413,6.760145362332249,3.0,576.0
4,finds,21,Film-Noir,15,17.647058823529413,6.794875660930258,4.0,218.0
5,begins,11,Film-Noir,10,11.764705882352942,7.174398923072788,5.0,1524.0
6,doesn't,10,Film-Noir,10,11.764705882352942,6.957804958489726,6.0,3.0
7,find,11,Film-Noir,10,11.764705882352942,7.245309104277342,7.0,1248.0
8,other,10,Film-Noir,9,10.588235294117649,7.111612829255555,8.0,1623.0
9,young,9,Film-Noir,9,10.588235294117649,6.720728441098631,9.0,673.0
10,he's,12,Film-Noir,9,10.588235294117649,7.061085525902971,10.0,444.0
11,home,8,Film-Noir,8,9.411764705882351,6.640441894478744,11.0,1586.0
12,death,8,Film-Noir,8,9.411764705882351,7.051434035523243,12.0,307.0
13,life,9,Film-Noir,8,9.411764705882351,6.993454490869456,13.0,1350.0
14,becomes,11,Film-Noir,8,9.411764705882351,6.786108871518495,14.0,1468.0
15,own,7,Film-Noir,7,8.235294117647058,6.94881617693549,15.0,1310.0
16,money,10,Film-Noir,7,8.235294117647058,7.363305083523243,16.0,1629.0
17,dead,9,Film-Noir,7,8.235294117647058,6.753828893376886,17.0,624.0
18,kill,9,Film-Noir,7,8.235294117647058,6.724860483732969,18.0,1427.0
19,fall,7,Film-Noir,7,8.235294117647058,6.783785220169906,19.0,518.0
20,works,7,Film-Noir,7,8.235294117647058,7.26943453350723,20.0,1608.0
21,returns,6,Film-Noir,6,7.0588235294117645,6.762681026383102,21.0,1578.0
22,way,6,Film-Noir,6,7.0588235294117645,7.015772916616135,22.0,41.0
23,lead,6,Film-Noir,6,7.0588235294117645,7.09249371138343,23.0,1155.0
24,york,7,Film-Noir,6,7.0588235294117645,6.887871986470713,24.0,1031.0
25,sister,6,Film-Noir,6,7.0588235294117645,6.070951547288046,25.0,973.0
26,falls,6,Film-Noir,6,7.0588235294117645,6.878036359543085,26.0,216.0
27,little,6,Film-Noir,6,7.0588235294117645,7.00706343529022,27.0,951.0
28,business,7,Film-Noir,6,7.0588235294117645,7.333808399392729,28.0,54.0
29,prison,6,Film-Noir,6,7.0588235294117645,6.873348564947516,29.0,95.0
30,war,6,Film-Noir,6,7.0588235294117645,7.03499355583511,30.0,629.0
31,husband,6,Film-Noir,6,7.0588235294117645,7.091476023239374,31.0,554.0
32,gang,8,Film-Noir,6,7.0588235294117645,6.984071673141575,32.0,357.0
33,tries,6,Film-Noir,6,7.0588235294117645,6.581826783442099,33.0,835.0
34,sets,5,Film-Noir,5,5.882352941176471,6.79838323305282,34.0,1656.0
35,first,6,Film-Noir,5,5.882352941176471,7.235353072044194,35.0,1635.0
36,it's,5,Film-Noir,5,5.882352941176471,7.137645238204383,36.0,0.0
37,long,5,Film-Noir,5,5.882352941176471,7.20468273982573,37.0,1208.0
38,world,5,Film-Noir,5,5.882352941176471,6.95747813244961,38.0,1137.0
39,everyone,6,Film-Noir,5,5.882352941176471,7.176089274621448,39.0,1128.0
40,johnny,11,Film-Noir,5,5.882352941176471,7.535323570977103,40.0,1085.0
41,rich,5,Film-Noir,5,5.882352941176471,7.166780040664802,41.0,954.0
42,hires,5,Film-Noir,5,5.882352941176471,7.261112435355895,42.0,654.0
43,harry,13,Film-Noir,5,5.882352941176471,7.1246986888471096,43.0,402.0
44,murder,6,Film-Noir,5,5.882352941176471,6.973905168646515,44.0,401.0
45,turns,5,Film-Noir,5,5.882352941176471,7.065151057810456,45.0,170.0
46,small,5,Film-Noir,5,5.882352941176471,6.93504960697638,46.0,158.0
47,newspaper,5,Film-Noir,5,5.882352941176471,7.086271267965704,47.0,81.0
48,kills,6,Film-Noir,5,5.882352941176471,6.7968276475024565,48.0,1669.0
0,new,65,Animation,52,18.63799283154122,7.074784263373221,0.0,315.0
1,young,47,Animation,45,16.129032258064516,6.960251694917516,1.0,3112.0
2,friends,36,Animation,35,12.544802867383511,7.079708486041696,2.0,2324.0
3,story,39,Animation,34,12.186379928315413,6.9761051287638045,3.0,818.0
4,world,36,Animation,32,11.469534050179211,6.958521536784407,4.0,3375.0
5,evil,37,Animation,32,11.469534050179211,6.882704117560124,5.0,1476.0
6,little,29,Animation,27,9.67741935483871,6.762084030661918,6.0,2354.0
7,life,29,Animation,25,8.960573476702509,7.249264184312762,7.0,747.0
8,girl,28,Animation,25,8.960573476702509,6.910418721704493,8.0,2235.0
9,family,28,Animation,24,8.602150537634408,7.220448627152503,9.0,671.0
10,way,24,Animation,23,8.243727598566307,7.304560109419022,10.0,2774.0
11,it's,26,Animation,23,8.243727598566307,7.077311533497445,11.0,2753.0
12,other,27,Animation,23,8.243727598566307,7.072347337088956,12.0,2730.0
13,meets,21,Animation,21,7.526881720430108,6.819724684445865,13.0,1698.0
14,home,22,Animation,21,7.526881720430108,6.947393298128446,14.0,2707.0
15,time,21,Animation,20,7.168458781362007,7.083732821854961,15.0,3525.0
16,,20,Animation,20,7.168458781362007,6.427145094758634,16.0,2167.0
17,become,21,Animation,19,6.810035842293907,6.955184169276024,17.0,156.0
18,great,21,Animation,19,6.810035842293907,7.221426763119122,18.0,783.0
19,discovers,20,Animation,19,6.810035842293907,6.859268589807575,19.0,3462.0
20,decides,18,Animation,18,6.451612903225806,6.933064910416845,20.0,3072.0
21,years,18,Animation,18,6.451612903225806,7.253662024457654,21.0,2.0
22,make,17,Animation,17,6.093189964157706,6.897681241239892,22.0,1820.0
23,mysterious,17,Animation,17,6.093189964157706,7.328586649626815,23.0,584.0
24,love,18,Animation,16,5.734767025089606,6.993102482053311,24.0,3433.0
25,film,16,Animation,15,5.376344086021505,6.429336754057601,25.0,2460.0
26,together,15,Animation,15,5.376344086021505,6.954059087792344,26.0,2969.0
27,living,14,Animation,14,5.017921146953405,6.982785089002086,27.0,1253.0
28,destroy,14,Animation,14,5.017921146953405,6.703973924067681,28.0,3248.0
0,war,197,War,154,39.38618925831202,6.990386519543015,0.0,2860.0
1,world,89,War,84,21.48337595907928,6.941255855083123,1.0,4415.0
2,army,83,War,61,15.601023017902811,6.92705695408207,2.0,3355.0
3,american,71,War,60,15.345268542199488,6.949688718853177,3.0,452.0
4,story,65,War,56,14.322250639386189,6.932170368382898,4.0,1062.0
5,life,60,War,54,13.81074168797954,6.927921954157053,5.0,973.0
6,german,78,War,50,12.78772378516624,6.881356434301637,6.0,3283.0
7,young,64,War,49,12.531969309462916,6.867139745714107,7.0,4090.0
8,british,70,War,45,11.508951406649617,6.891814433470241,8.0,2126.0
9,men,59,War,43,10.997442455242966,6.988001767509108,9.0,3271.0
10,new,55,War,42,10.74168797953964,6.856156624013492,10.0,410.0
11,get,46,War,38,9.718670076726342,6.875483929393053,11.0,3937.0
12,mission,45,War,36,9.207161125319692,6.947355721108411,12.0,2214.0
13,film,46,War,35,8.951406649616368,6.9730274060191615,13.0,3241.0
14,officer,36,War,35,8.951406649616368,6.939698768721758,14.0,1225.0
15,group,34,War,33,8.439897698209718,6.821674650553276,15.0,2404.0
16,time,37,War,33,8.439897698209718,7.076800105244447,16.0,4576.0
17,military,36,War,32,8.184143222506394,6.793335011527955,17.0,1477.0
18,captain,34,War,30,7.672634271099744,6.979768246559384,18.0,3381.0
19,own,31,War,29,7.41687979539642,6.900193980928396,19.0,2177.0
20,fight,28,War,28,7.161125319693094,6.806531861345093,20.0,4599.0
21,other,32,War,27,6.90537084398977,6.944875231942903,21.0,3595.0
22,battle,35,War,27,6.90537084398977,7.090512954731291,22.0,3707.0
23,family,35,War,27,6.90537084398977,6.954670575163074,23.0,876.0
24,soldiers,30,War,27,6.90537084398977,6.788106433312305,24.0,4264.0
25,man,30,War,27,6.90537084398977,6.823961711856941,25.0,2879.0
26,true,31,War,27,6.90537084398977,6.80492133482803,26.0,2926.0
27,civil,27,War,26,6.649616368286445,7.084881121347537,27.0,4321.0
28,lives,28,War,26,6.649616368286445,6.878915088158744,28.0,3000.0
29,colonel,30,War,25,6.3938618925831205,6.894433370921965,29.0,1010.0
30,japanese,34,War,25,6.3938618925831205,7.12983000824614,30.0,1076.0
31,vietnam,34,War,24,6.138107416879795,6.720555958286728,31.0,783.0
32,becomes,28,War,24,6.138107416879795,6.723173703490453,32.0,1056.0
33,years,29,War,23,5.882352941176471,7.040201872779869,33.0,7.0
34,wife,24,War,23,5.882352941176471,6.780360720336275,34.0,2786.0
35,secret,27,War,23,5.882352941176471,6.681358516356444,35.0,2085.0
36,sent,25,War,23,5.882352941176471,7.106308945613165,36.0,1704.0
37,death,23,War,22,5.626598465473146,6.782520136100168,37.0,2640.0
38,major,22,War,22,5.626598465473146,6.872200042013007,38.0,3597.0
39,ii,22,War,22,5.626598465473146,7.104808245478583,39.0,893.0
40,people,24,War,22,5.626598465473146,6.794949090640326,40.0,2461.0
41,it's,21,War,21,5.370843989769821,7.152032352135019,41.0,3623.0
42,french,36,War,21,5.370843989769821,6.87434642123378,42.0,2189.0
43,days,21,War,21,5.370843989769821,6.6769802292441405,43.0,4175.0
44,enemy,21,War,21,5.370843989769821,7.016477819573753,44.0,614.0
45,make,20,War,20,5.115089514066496,6.881665877223743,45.0,2392.0
46,falls,20,War,20,5.115089514066496,6.7772809526323,46.0,3764.0
47,small,22,War,20,5.115089514066496,6.737592769406033,47.0,1299.0
48,john,29,War,20,5.115089514066496,6.957591452081296,48.0,603.0
0,life,152,Biography,123,27.954545454545453,6.836566486922054,0.0,1158.0
1,story,93,Biography,86,19.545454545454547,6.842322020362804,1.0,1249.0
2,film,76,Biography,60,13.636363636363637,6.893100135087677,2.0,3808.0
3,new,62,Biography,54,12.272727272727272,6.905344440191755,3.0,500.0
4,young,60,Biography,53,12.045454545454543,6.774708084784495,4.0,4812.0
5,world,56,Biography,48,10.909090909090908,6.849288457581811,5.0,5196.0
6,true,49,Biography,47,10.681818181818182,6.824325154665258,6.0,3416.0
7,family,50,Biography,45,10.227272727272728,6.91629558292016,7.0,1054.0
8,war,49,Biography,44,10.0,6.8713420107284575,8.0,3359.0
9,career,45,Biography,43,9.772727272727272,6.7784397125642855,9.0,3757.0
10,years,52,Biography,43,9.772727272727272,7.008532355029939,10.0,9.0
11,own,47,Biography,40,9.090909090909092,6.970855292478442,11.0,2534.0
12,other,43,Biography,38,8.636363636363637,6.95135814541663,12.0,4218.0
13,become,43,Biography,36,8.181818181818182,6.916896994789228,13.0,253.0
14,american,37,Biography,33,7.5,7.027787299409381,14.0,541.0
15,man,36,Biography,33,7.5,6.785153705054065,15.0,3370.0
16,many,33,Biography,30,6.818181818181818,7.018840543487444,16.0,3321.0
17,wife,29,Biography,29,6.590909090909091,6.783417762004069,17.0,3268.0
18,movie,37,Biography,28,6.363636363636363,6.54590998917504,18.0,1247.0
19,death,29,Biography,27,6.136363636363637,6.781758874168192,19.0,3095.0
20,lives,31,Biography,27,6.136363636363637,7.164228048269541,20.0,3500.0
21,famous,29,Biography,27,6.136363636363637,6.931313987788093,21.0,3622.0
22,time,28,Biography,27,6.136363636363637,7.070967493236975,22.0,5412.0
23,people,28,Biography,26,5.909090909090909,6.917818575555755,23.0,2883.0
24,relationship,30,Biography,26,5.909090909090909,6.697415713764728,24.0,5111.0
25,much,27,Biography,25,5.681818181818182,6.784665511499932,25.0,414.0
26,meets,27,Biography,24,5.454545454545454,6.504448355733989,26.0,2636.0
27,marriage,25,Biography,24,5.454545454545454,6.760843671628219,27.0,2603.0
28,help,24,Biography,24,5.454545454545454,6.865735053193396,28.0,3962.0
29,end,26,Biography,24,5.454545454545454,6.70250071089098,29.0,5437.0
30,begins,23,Biography,23,5.227272727272728,7.037545677935781,30.0,1283.0
0,new,55,Sport,43,17.551020408163264,6.920320827673192,0.0,285.0
1,young,42,Sport,36,14.693877551020408,6.914561323046225,1.0,3026.0
2,get,41,Sport,33,13.46938775510204,6.697940628139658,2.0,2914.0
3,coach,34,Sport,32,13.06122448979592,6.77849674999397,3.0,1336.0
4,school,41,Sport,30,12.244897959183673,6.945287141324965,4.0,2000.0
5,high,39,Sport,30,12.244897959183673,7.144344638660155,5.0,1633.0
6,baseball,38,Sport,30,12.244897959183673,6.929493268415761,6.0,739.0
7,world,32,Sport,29,11.83673469387755,6.724152574139812,7.0,3251.0
8,life,39,Sport,29,11.83673469387755,6.931703555353891,8.0,685.0
9,football,40,Sport,28,11.428571428571429,6.816808438629274,9.0,2955.0
10,own,28,Sport,26,10.612244897959185,6.686696987320314,10.0,1566.0
11,he's,27,Sport,25,10.20408163265306,6.660097445798341,11.0,1068.0
12,first,26,Sport,24,9.79591836734694,6.9578061916783165,12.0,820.0
13,story,26,Sport,23,9.387755102040815,6.860480488229792,13.0,749.0
14,way,23,Sport,23,9.387755102040815,6.909711704727165,14.0,2687.0
15,former,22,Sport,22,8.979591836734693,6.762189536787423,15.0,894.0
16,star,21,Sport,21,8.571428571428571,6.329026257863166,16.0,2901.0
17,help,21,Sport,21,8.571428571428571,6.942576428028624,17.0,2484.0
18,other,20,Sport,20,8.16326530612245,6.830610258277107,18.0,2643.0
19,league,25,Sport,20,8.16326530612245,6.571452217262781,19.0,80.0
20,years,21,Sport,19,7.755102040816326,6.817685150026136,20.0,6.0
21,game,26,Sport,19,7.755102040816326,6.681045616002993,21.0,1323.0
22,big,22,Sport,18,7.346938775510204,6.887779937585925,22.0,3371.0
23,fight,23,Sport,18,7.346938775510204,7.04463969986538,23.0,3396.0
24,sports,21,Sport,17,6.938775510204081,7.036168273445288,24.0,2648.0
25,time,17,Sport,17,6.938775510204081,6.835410418661742,25.0,3384.0
26,man,19,Sport,17,6.938775510204081,6.966538040672305,26.0,2102.0
27,play,17,Sport,17,6.938775510204081,6.926995094720426,27.0,2641.0
28,it's,19,Sport,17,6.938775510204081,6.790498269928405,28.0,2668.0
29,race,24,Sport,16,6.530612244897959,6.974234098344408,29.0,101.0
30,film,18,Sport,16,6.530612244897959,7.089900445287246,30.0,2379.0
31,professional,16,Sport,16,6.530612244897959,6.463671749408765,31.0,281.0
32,great,18,Sport,16,6.530612244897959,7.166342797253965,32.0,721.0
33,decides,16,Sport,15,6.122448979591836,6.411000732954417,33.0,2973.0
34,relationship,15,Sport,14,5.714285714285714,6.372237260521997,34.0,3197.0
35,love,14,Sport,14,5.714285714285714,6.5544240785684265,35.0,3300.0
36,home,15,Sport,14,5.714285714285714,6.66327784981863,36.0,2626.0
37,champion,16,Sport,14,5.714285714285714,6.837664341511385,37.0,2498.0
38,father,19,Sport,14,5.714285714285714,6.717740901216603,38.0,348.0
39,college,17,Sport,14,5.714285714285714,6.975612654930903,39.0,1187.0
40,basketball,19,Sport,14,5.714285714285714,6.569529359400947,40.0,939.0
41,local,18,Sport,13,5.306122448979592,6.631092703623281,41.0,1225.0
42,players,15,Sport,13,5.306122448979592,7.294968365389549,42.0,197.0
43,owner,13,Sport,13,5.306122448979592,6.4473839042159415,43.0,881.0
44,losing,14,Sport,13,5.306122448979592,6.633615077024392,44.0,3061.0
45,last,13,Sport,13,5.306122448979592,6.382031520563985,45.0,263.0
46,major,13,Sport,13,5.306122448979592,6.310167670558657,46.0,2645.0
47,friends,13,Sport,13,5.306122448979592,6.9875983173214,47.0,2246.0
48,doesn't,17,Sport,13,5.306122448979592,7.019803796208652,48.0,2.0
0,love,125,Musical,88,23.71967654986523,6.6346677099663545,0.0,4971.0
1,young,77,Musical,69,18.598382749326145,6.701591677778383,1.0,4534.0
2,new,79,Musical,62,16.711590296495956,6.952856580082045,2.0,452.0
3,life,62,Musical,53,14.285714285714286,6.7854143546886085,3.0,1092.0
4,story,47,Musical,44,11.859838274932615,6.695493798014173,4.0,1193.0
5,family,53,Musical,43,11.590296495956874,6.745321615998404,5.0,968.0
6,finds,45,Musical,41,11.05121293800539,6.700957751602057,6.0,1501.0
7,musical,47,Musical,41,11.05121293800539,6.806356191714105,7.0,97.0
8,meets,44,Musical,41,11.05121293800539,6.540267394566701,8.0,2509.0
9,girl,39,Musical,38,10.242587601078167,6.6193471065057645,9.0,3298.0
10,tells,36,Musical,36,9.703504043126683,6.8211781066523685,10.0,56.0
11,falls,36,Musical,36,9.703504043126683,6.661473720942774,11.0,4192.0
12,time,41,Musical,35,9.433962264150944,6.8213042596160935,12.0,5089.0
13,other,39,Musical,34,9.164420485175205,6.864079586106826,13.0,3995.0
14,way,35,Musical,33,8.89487870619946,6.846828608144938,14.0,4055.0
15,first,34,Musical,32,8.625336927223719,6.7223811469225065,15.0,1304.0
16,make,37,Musical,32,8.625336927223719,6.776888196456726,16.0,2667.0
17,decides,35,Musical,29,7.816711590296496,6.740102992158381,17.0,4461.0
18,becomes,32,Musical,29,7.816711590296496,6.788985248047541,18.0,1180.0
19,man,35,Musical,29,7.816711590296496,6.667349309257617,19.0,3191.0
20,film,34,Musical,29,7.816711590296496,6.354564918205718,20.0,3604.0
21,day,31,Musical,28,7.547169811320755,6.667916340720395,21.0,2372.0
22,world,29,Musical,28,7.547169811320755,6.834905133776185,22.0,4902.0
23,home,29,Musical,28,7.547169811320755,6.638167344922094,23.0,3969.0
24,friends,28,Musical,26,7.008086253369272,7.023251215889037,24.0,3411.0
25,little,29,Musical,25,6.738544474393531,6.93481803705246,25.0,3452.0
26,old,29,Musical,25,6.738544474393531,6.69999236343051,26.0,2557.0
27,tries,23,Musical,23,6.199460916442049,6.6648119899018825,27.0,4684.0
28,live,24,Musical,23,6.199460916442049,7.005995412606722,28.0,4983.0
29,son,25,Musical,23,6.199460916442049,6.471591099659201,29.0,2654.0
30,own,27,Musical,23,6.199460916442049,6.7480417699376645,30.0,2416.0
31,fall,24,Musical,23,6.199460916442049,6.624429137891682,31.0,410.0
32,people,26,Musical,22,5.929919137466308,6.9009772808892045,32.0,2750.0
33,meet,23,Musical,22,5.929919137466308,6.639539161046971,33.0,2584.0
34,daughter,29,Musical,22,5.929919137466308,6.790611857797732,34.0,4348.0
35,show,28,Musical,22,5.929919137466308,6.925084308393108,35.0,1944.0
36,marriage,23,Musical,21,5.660377358490566,6.569487689597604,36.0,2481.0
37,wealthy,25,Musical,21,5.660377358490566,6.754138974145594,37.0,672.0
38,come,23,Musical,21,5.660377358490566,6.783822180927826,38.0,234.0
39,years,24,Musical,21,5.660377358490566,6.923077603151008,39.0,6.0
40,music,30,Musical,20,5.390835579514825,6.583658243285628,40.0,3214.0
41,money,28,Musical,20,5.390835579514825,6.822902333692058,41.0,1297.0
42,same,19,Musical,19,5.121293800539084,7.018831671996675,42.0,3184.0
0,new,171,Family,138,20.50520059435364,6.883255638761289,0.0,624.0
1,young,115,Family,107,15.898959881129272,6.83825804075621,1.0,6313.0
2,family,113,Family,85,12.63001485884101,6.919229992548121,2.0,1367.0
3,life,98,Family,80,11.887072808320951,6.884656428292298,3.0,1520.0
4,make,80,Family,70,10.401188707280832,6.6697140636868495,4.0,3733.0
5,friends,75,Family,69,10.25260029717682,6.861253501170356,5.0,4728.0
6,way,69,Family,67,9.955423476968797,6.875659470421046,6.0,5645.0
7,time,70,Family,64,9.50965824665676,6.772635283134434,7.0,7073.0
8,other,72,Family,62,9.212481426448736,6.9536759935887,8.0,5562.0
9,story,74,Family,60,8.915304606240714,6.723971825332328,9.0,1654.0
10,boy,66,Family,59,8.766716196136702,6.750653436888491,10.0,5358.0
11,little,64,Family,59,8.766716196136702,6.74470918354622,11.0,4789.0
12,it's,61,Family,54,8.023774145616642,6.754649602261505,12.0,5609.0
13,home,55,Family,52,7.726597325408618,6.682605916215412,13.0,5532.0
14,love,63,Family,51,7.578008915304606,6.730091826570038,14.0,6904.0
15,world,60,Family,50,7.429420505200595,6.8567201746531365,15.0,6807.0
16,girl,54,Family,50,7.429420505200595,6.744440611786679,16.0,4570.0
17,old,70,Family,50,7.429420505200595,6.883947284410818,17.0,3585.0
18,years,50,Family,48,7.132243684992571,6.887654443901664,18.0,7.0
19,evil,53,Family,48,7.132243684992571,6.648927118635071,19.0,3030.0
20,friend,51,Family,47,6.983655274888559,6.702495552176512,20.0,2978.0
21,live,48,Family,46,6.8350668647845465,6.781440600711168,21.0,6925.0
22,town,58,Family,44,6.537890044576523,6.690983197998734,22.0,3747.0
23,discovers,46,Family,42,6.240713224368499,6.752609931639057,23.0,6960.0
24,son,45,Family,40,5.943536404160476,6.603294036732474,24.0,3717.0
25,own,41,Family,40,5.943536404160476,6.850734297918102,25.0,3365.0
26,man,46,Family,38,5.646359583952452,6.740580159518111,26.0,4444.0
27,school,45,Family,38,5.646359583952452,6.905994745400678,27.0,4270.0
28,he's,49,Family,37,5.49777117384844,6.585365261705047,28.0,2336.0
29,big,38,Family,37,5.49777117384844,6.908138683151149,29.0,7032.0
30,things,38,Family,36,5.349182763744428,6.709993304243334,30.0,3088.0
31,come,40,Family,35,5.200594353640416,6.766402163757276,31.0,333.0
32,meet,37,Family,35,5.200594353640416,6.874847434550394,32.0,3629.0
33,tries,36,Family,34,5.052005943536404,6.755783578282303,33.0,6509.0
34,day,42,Family,34,5.052005943536404,6.773021704664528,34.0,3299.0
35,mother,36,Family,34,5.052005943536404,6.940692033718046,35.0,4176.0
0,town,84,Western,58,21.804511278195488,6.675777542453517,0.0,1746.0
1,man,43,Western,38,14.285714285714286,6.854841623354627,1.0,2083.0
2,new,48,Western,37,13.909774436090226,6.648034339693984,2.0,305.0
3,find,42,Western,37,13.909774436090226,6.602153856210999,3.0,659.0
4,old,38,Western,37,13.909774436090226,6.708250470859842,4.0,1675.0
5,life,39,Western,34,12.781954887218046,6.63015802345461,5.0,710.0
6,make,33,Western,32,12.030075187969924,6.634039910174409,6.0,1739.0
7,young,35,Western,31,11.654135338345863,6.674867621892209,7.0,2917.0
8,way,32,Western,30,11.278195488721805,6.817428208802761,8.0,2615.0
9,civil,28,Western,28,10.526315789473683,6.776455849816242,9.0,3073.0
10,get,29,Western,27,10.150375939849624,6.80129350582523,10.0,2836.0
11,gang,32,Western,25,9.398496240601505,6.706736178537255,11.0,180.0
12,time,31,Western,25,9.398496240601505,6.856234842285723,12.0,3253.0
13,own,24,Western,24,9.022556390977444,6.737228745658029,13.0,1579.0
14,men,29,Western,24,9.022556390977444,6.729857590536164,14.0,2355.0
15,years,26,Western,24,9.022556390977444,6.767799735884474,15.0,5.0
16,family,27,Western,24,9.022556390977444,6.562997329741332,16.0,639.0
17,war,29,Western,24,9.022556390977444,6.746530366165239,17.0,2074.0
18,indian,30,Western,23,8.646616541353383,6.815374208661607,18.0,3010.0
19,help,21,Western,21,7.894736842105263,6.684123519451122,19.0,2419.0
20,other,22,Western,20,7.518796992481203,6.716241848378272,20.0,2574.0
21,set,24,Western,20,7.518796992481203,6.63839436874638,21.0,2158.0
22,run,21,Western,20,7.518796992481203,6.724759499278807,22.0,676.0
23,train,27,Western,20,7.518796992481203,6.773456369918476,23.0,547.0
24,gold,24,Western,20,7.518796992481203,6.7116206037733805,24.0,217.0
25,wife,20,Western,19,7.142857142857143,6.882136876528174,25.0,2015.0
26,group,21,Western,19,7.142857142857143,6.697472310220166,26.0,1747.0
27,friend,20,Western,19,7.142857142857143,6.78498682630857,27.0,1404.0
28,local,25,Western,19,7.142857142857143,6.849165740453705,28.0,1257.0
29,john,26,Western,18,6.7669172932330826,6.736082932627025,29.0,434.0
30,daughter,20,Western,18,6.7669172932330826,6.614285725895512,30.0,2818.0
31,decides,17,Western,17,6.390977443609023,6.648380761151382,31.0,2890.0
32,meets,18,Western,17,6.390977443609023,6.778009946946923,32.0,1639.0
33,returns,17,Western,17,6.390977443609023,6.763067257674277,33.0,2553.0
34,small,19,Western,17,6.390977443609023,6.83745628630558,34.0,938.0
35,wild,19,Western,17,6.390977443609023,6.59020145466166,35.0,1391.0
36,woman,17,Western,17,6.390977443609023,6.236728667111596,36.0,2891.0
37,son,21,Western,17,6.390977443609023,6.868027756443891,37.0,1734.0
38,become,18,Western,16,6.015037593984962,6.628318159605586,38.0,160.0
39,love,18,Western,16,6.015037593984962,6.886007047081837,39.0,3180.0
40,story,17,Western,16,6.015037593984962,6.877113847830511,40.0,775.0
41,cattle,23,Western,16,6.015037593984962,6.980427274725116,41.0,2810.0
42,he's,19,Western,16,6.015037593984962,6.762594311752654,42.0,1086.0
43,mexican,16,Western,16,6.015037593984962,6.5981884928029455,43.0,2617.0
44,army,17,Western,16,6.015037593984962,6.553144240186722,44.0,2397.0
45,fight,17,Western,16,6.015037593984962,7.045849701053763,45.0,3265.0
46,home,15,Western,15,5.639097744360902,6.714197395103312,46.0,2555.0
47,tries,17,Western,14,5.2631578947368425,6.996851459478867,47.0,3011.0
48,order,14,Western,14,5.2631578947368425,6.468816716783936,48.0,478.0
49,texas,14,Western,14,5.2631578947368425,6.669503242567321,49.0,2370.0
50,arrives,15,Western,14,5.2631578947368425,6.742321046170942,50.0,1569.0
0,documentary,143,Documentary,139,22.31139646869984,6.74808143715863,0.0,2899.0
1,,124,Documentary,124,19.903691813804173,6.482667448281842,1.0,3129.0
2,film,109,Documentary,91,14.606741573033707,6.818107891842889,2.0,3537.0
3,life,75,Documentary,66,10.593900481540931,6.81932737701772,3.0,1056.0
4,new,78,Documentary,61,9.791332263242376,6.882612503958053,4.0,437.0
5,world,65,Documentary,53,8.507223113964686,6.710647895701353,5.0,4863.0
6,interviews,47,Documentary,46,7.38362760834671,6.551106932071062,6.0,1437.0
7,people,49,Documentary,45,7.223113964686998,6.770217055417699,7.0,2665.0
8,story,47,Documentary,44,7.062600321027287,6.759909495960582,8.0,1147.0
9,live,44,Documentary,40,6.420545746388443,7.110807092109036,9.0,4955.0
10,american,41,Documentary,39,6.260032102728732,6.906799812274757,10.0,495.0
11,footage,38,Documentary,38,6.099518459069021,6.8000735395944805,11.0,5113.0
12,many,46,Documentary,36,5.778491171749598,6.786495940224939,12.0,3077.0
13,look,36,Documentary,36,5.778491171749598,6.308580897920248,13.0,4485.0
14,years,39,Documentary,34,5.457463884430177,6.844711805565696,14.0,5.0
15,music,37,Documentary,34,5.457463884430177,7.077620706234927,15.0,3148.0
0,new,114,Music,93,19.17525773195876,6.799224561030463,0.0,403.0
1,music,108,Music,89,18.350515463917525,6.802797545104417,1.0,2971.0
2,rock,90,Music,66,13.608247422680412,6.607670885105784,2.0,2065.0
3,life,63,Music,57,11.75257731958763,6.7408643384384535,3.0,1003.0
4,,56,Music,56,11.54639175257732,6.778189342856639,4.0,2954.0
5,band,71,Music,54,11.1340206185567,6.795146898859097,5.0,4311.0
6,young,54,Music,49,10.103092783505154,6.524740120077913,6.0,4205.0
7,live,54,Music,48,9.896907216494846,7.127671369479967,7.0,4603.0
8,concert,56,Music,47,9.690721649484535,7.022758455346263,8.0,501.0
9,singer,45,Music,44,9.072164948453608,6.469342737545197,9.0,4621.0
10,film,51,Music,41,8.45360824742268,6.749901905524451,10.0,3326.0
11,first,44,Music,41,8.45360824742268,6.836528656108785,11.0,1196.0
12,world,46,Music,40,8.24742268041237,6.612310067196472,12.0,4524.0
13,other,34,Music,32,6.597938144329897,6.696625896587638,13.0,3704.0
14,years,34,Music,31,6.391752577319588,6.821724446309424,14.0,6.0
15,york,37,Music,30,6.185567010309279,6.721973321145978,15.0,4454.0
16,family,34,Music,30,6.185567010309279,6.692762409051594,16.0,904.0
17,story,31,Music,29,5.979381443298969,6.96344106978391,17.0,1087.0
18,career,29,Music,28,5.77319587628866,6.707571475023413,18.0,3275.0
19,documentary,28,Music,28,5.77319587628866,7.072492733995231,19.0,2736.0
20,time,30,Music,28,5.77319587628866,6.470318534095132,20.0,4709.0
21,help,28,Music,27,5.56701030927835,6.72840467229419,21.0,3478.0
22,own,29,Music,27,5.56701030927835,6.756370982384393,22.0,2243.0
23,big,31,Music,27,5.56701030927835,6.4022824726770455,23.0,4689.0
24,many,27,Music,25,5.154639175257732,6.836293796056132,24.0,2893.0
25,songs,27,Music,25,5.154639175257732,7.238415025885389,25.0,2008.0
0,new,192,Adventure,156,15.934627170582226,6.600155498707556,0.0,819.0
1,young,139,Adventure,131,13.38100102145046,6.595622053261629,1.0,8278.0
2,world,121,Adventure,100,10.21450459652707,6.695199899894919,2.0,8981.0
3,life,118,Adventure,97,9.908069458631257,6.590361622108172,3.0,2006.0
4,years,101,Adventure,96,9.805924412665986,6.619191266547266,4.0,8.0
5,time,104,Adventure,89,9.090909090909092,6.728772990712479,5.0,9348.0
6,evil,98,Adventure,87,8.88661899897855,6.669264549927725,6.0,3993.0
7,way,92,Adventure,86,8.78447395301328,6.660984163677548,7.0,7385.0
8,man,96,Adventure,82,8.375893769152196,6.505293968852674,8.0,5818.0
9,other,92,Adventure,81,8.273748723186925,6.590505478004768,9.0,7259.0
10,make,77,Adventure,76,7.763023493360572,6.447312172516836,10.0,4899.0
11,story,85,Adventure,70,7.150153217568948,6.64940837763401,11.0,2196.0
12,family,85,Adventure,67,6.843718079673136,6.7300129413670176,12.0,1796.0
13,friends,66,Adventure,64,6.537282941777324,6.7954815940725615,13.0,6208.0
14,becomes,68,Adventure,64,6.537282941777324,6.721072632139763,14.0,2182.0
15,friend,66,Adventure,62,6.332992849846782,6.698024989011479,15.0,3928.0
16,old,77,Adventure,61,6.230847803881511,6.606265714964502,16.0,4710.0
17,own,69,Adventure,60,6.128702757916241,6.624643195039573,17.0,4435.0
18,group,70,Adventure,59,6.026557711950971,6.460753454700769,18.0,4921.0
19,stop,62,Adventure,58,5.9244126659857,6.562983025208805,19.0,3476.0
20,war,65,Adventure,58,5.9244126659857,6.90943017831639,20.0,5785.0
21,it's,63,Adventure,57,5.822267620020429,6.524440844627125,21.0,7335.0
22,rescue,60,Adventure,54,5.515832482124617,6.7399840454537605,22.0,4117.0
23,american,60,Adventure,54,5.515832482124617,6.582388658222924,23.0,914.0
24,home,58,Adventure,53,5.413687436159346,6.637041583050519,24.0,7212.0
25,mission,57,Adventure,53,5.413687436159346,6.71684737632098,25.0,4516.0
26,british,73,Adventure,53,5.413687436159346,6.842666709005543,26.0,4352.0
27,team,66,Adventure,53,5.413687436159346,6.450469148514355,27.0,3598.0
28,meets,54,Adventure,53,5.413687436159346,6.847610008718862,28.0,4616.0
29,men,60,Adventure,52,5.311542390194076,6.555245890549321,29.0,6618.0
30,return,54,Adventure,52,5.311542390194076,6.564800355014948,30.0,4177.0
31,son,61,Adventure,50,5.107252298263535,6.432507410502834,31.0,4880.0
32,mysterious,50,Adventure,49,5.005107252298264,6.709472406855555,32.0,1531.0
33,crew,62,Adventure,49,5.005107252298264,6.673175209878611,33.0,1966.0
0,love,623,Romance,484,24.556062912227297,6.469363057894012,0.0,10796.0
1,new,495,Romance,383,19.431760527650937,6.659414246375178,1.0,4015.0
2,young,420,Romance,358,18.163368848300355,6.452132446586961,2.0,3144.0
3,life,420,Romance,325,16.489091831557584,6.568838295217589,3.0,11735.0
4,man,280,Romance,235,11.922881785895484,6.540965797155763,4.0,5901.0
5,meets,256,Romance,232,11.770674784373414,6.457905821680754,5.0,5392.0
6,woman,230,Romance,202,10.248604769152715,6.420370255005267,6.0,14070.0
7,other,232,Romance,199,10.096397767630643,6.591457793573534,7.0,13728.0
8,first,222,Romance,197,9.994926433282595,6.576261967464315,8.0,4570.0
9,story,223,Romance,185,9.386098427194318,6.565684144213408,9.0,4502.0
10,own,200,Romance,175,8.878741755454085,6.497296376466699,10.0,5317.0
11,family,214,Romance,166,8.422120750887874,6.633788707250357,11.0,681.0
12,years,181,Romance,161,8.168442415017758,6.61155577652872,12.0,7379.0
13,help,180,Romance,161,8.168442415017758,6.641837484915408,13.0,9933.0
14,wife,174,Romance,158,8.016235413495687,6.476324783521801,14.0,13117.0
15,time,181,Romance,155,7.864028411973617,6.673514593894546,15.0,10896.0
16,friend,162,Romance,153,7.762557077625571,6.457871699433044,16.0,5132.0
17,decides,166,Romance,151,7.661085743277524,6.565375204853619,17.0,14068.0
18,he's,195,Romance,150,7.610350076103501,6.318587442964708,18.0,4836.0
19,fall,151,Romance,143,7.255200405885337,6.4980183037372985,19.0,278.0
20,become,153,Romance,141,7.153729071537291,6.621072985363867,20.0,11165.0
21,relationship,165,Romance,141,7.153729071537291,6.446485694485694,21.0,3362.0
22,friends,153,Romance,141,7.153729071537291,6.634191248451198,22.0,13313.0
23,old,159,Romance,138,7.001522070015221,6.567329797089995,23.0,5429.0
24,world,149,Romance,136,6.900050735667174,6.540630669547448,24.0,7083.0
25,way,137,Romance,132,6.69710806697108,6.611178687176777,25.0,6497.0
26,mother,152,Romance,131,6.646372399797057,6.516615857281082,26.0,13054.0
27,girl,142,Romance,128,6.494165398274987,6.587053530691212,27.0,2260.0
28,home,129,Romance,124,6.291222729578894,6.523339383742502,28.0,13713.0
29,daughter,141,Romance,124,6.291222729578894,6.534823792764117,29.0,3018.0
30,tries,133,Romance,120,6.0882800608828,6.460625310936511,30.0,3259.0
31,school,147,Romance,117,5.936073059360731,6.588377428982702,31.0,2101.0
32,it's,128,Romance,117,5.936073059360731,6.579364867431352,32.0,2776.0
33,son,135,Romance,114,5.783866057838661,6.523295449281349,33.0,5495.0
34,marriage,130,Romance,112,5.682394723490614,6.427691850586266,34.0,12697.0
35,town,148,Romance,112,5.682394723490614,6.576659268483572,35.0,1854.0
36,job,132,Romance,111,5.631659056316591,6.554632265925566,36.0,8738.0
37,beautiful,113,Romance,108,5.47945205479452,6.582490711429722,37.0,2838.0
38,york,125,Romance,107,5.428716387620497,6.642092567504769,38.0,10683.0
39,marry,128,Romance,106,5.377980720446474,6.456778703951342,39.0,3164.0
40,work,111,Romance,104,5.276509386098427,6.568117322418309,40.0,12636.0
41,high,128,Romance,103,5.225773718924404,6.636090872983281,41.0,9101.0
42,much,109,Romance,103,5.225773718924404,6.667112591281939,42.0,7604.0
43,come,109,Romance,99,5.0228310502283104,6.549755006106661,43.0,7524.0
0,young,811,Drama,704,16.8179646440516,6.440259003687202,0.0,4979.0
1,life,864,Drama,689,16.459627329192546,6.5142921998478815,1.0,18609.0
2,new,857,Drama,684,16.340181557572862,6.568935730983004,2.0,6342.0
3,find,540,Drama,481,11.490683229813664,6.539954566844732,3.0,18506.0
4,man,555,Drama,476,11.37123745819398,6.468851377225295,4.0,9265.0
5,story,502,Drama,446,10.654562828475871,6.571506831940059,5.0,7128.0
6,family,501,Drama,401,9.57955088389871,6.589686323289676,6.0,1081.0
7,becomes,447,Drama,397,9.483994266602965,6.465405490968692,7.0,1308.0
8,own,432,Drama,381,9.10176779741997,6.543107013947586,8.0,8406.0
9,other,423,Drama,379,9.053989488772098,6.538439467253133,9.0,21704.0
10,years,409,Drama,368,8.791208791208792,6.6290472950658765,10.0,11601.0
11,wife,384,Drama,352,8.4089823220258,6.445577921857935,11.0,20752.0
12,first,368,Drama,329,7.85953177257525,6.663779400244938,12.0,7247.0
13,world,362,Drama,329,7.85953177257525,6.608664686500967,13.0,11129.0
14,time,386,Drama,328,7.835642618251314,6.562100383858933,14.0,17200.0
15,old,397,Drama,323,7.716196846631629,6.5540897450777145,15.0,8566.0
16,help,341,Drama,316,7.548972766364071,6.536024265914858,16.0,15618.0
17,woman,360,Drama,310,7.405637840420449,6.383972144235695,17.0,22230.0
18,meets,334,Drama,307,7.3339703774486384,6.405078418265694,18.0,8511.0
19,way,294,Drama,279,6.665074056378404,6.563220914829063,19.0,10195.0
20,decides,306,Drama,276,6.593406593406593,6.519303620956456,20.0,22228.0
21,war,327,Drama,276,6.593406593406593,6.8467205058526215,21.0,3488.0
22,he's,334,Drama,261,6.235069278547539,6.420897610605128,22.0,7660.0
23,mother,307,Drama,260,6.211180124223603,6.538812568240664,23.0,20645.0
24,son,296,Drama,257,6.139512661251792,6.49290782051694,24.0,8662.0
25,daughter,281,Drama,248,5.924510272336359,6.467041972325914,25.0,4774.0
26,film,296,Drama,247,5.900621118012422,6.46521251602402,26.0,21273.0
27,friend,264,Drama,245,5.852842809364549,6.4549098855369,27.0,8121.0
28,home,262,Drama,242,5.781175346392738,6.402371860953758,28.0,21682.0
29,friends,257,Drama,230,5.494505494505495,6.5282033055525615,29.0,21057.0
30,tries,247,Drama,226,5.3989488772097465,6.413800868096865,30.0,5141.0
31,relationship,244,Drama,219,5.2317247969421885,6.387980353175849,31.0,5305.0
32,american,243,Drama,217,5.183946488294314,6.581602977078468,32.0,6400.0
33,local,255,Drama,212,5.06450071667463,6.462100797843385,33.0,19494.0
34,small,224,Drama,211,5.040611562350692,6.536349301892679,34.0,13155.0
35,town,268,Drama,211,5.040611562350692,6.523426961436554,35.0,2926.0
36,people,237,Drama,210,5.016722408026756,6.58307495216521,36.0,8749.0
0,new,149,Fantasy,121,19.611021069692057,6.584932512603287,0.0,538.0
1,young,108,Fantasy,102,16.53160453808752,6.464218789316871,1.0,5816.0
2,help,101,Fantasy,92,14.910858995137763,6.740947493845966,2.0,4766.0
3,life,99,Fantasy,72,11.66936790923825,6.670272034738288,3.0,1364.0
4,evil,73,Fantasy,66,10.696920583468396,6.277663558658006,4.0,2756.0
5,way,68,Fantasy,64,10.372771474878444,6.64726606991232,5.0,5165.0
6,man,71,Fantasy,62,10.048622366288493,6.355097234634513,6.0,4074.0
7,years,59,Fantasy,57,9.238249594813617,6.767477064750962,7.0,5.0
8,world,67,Fantasy,57,9.238249594813617,6.705037674083113,8.0,6285.0
9,other,57,Fantasy,52,8.427876823338735,6.641333634678857,9.0,5088.0
10,old,64,Fantasy,51,8.26580226904376,6.371893541550497,10.0,3262.0
11,time,58,Fantasy,48,7.779578606158833,6.493781635411526,11.0,6554.0
12,story,69,Fantasy,48,7.779578606158833,6.5087715854369,12.0,1500.0
13,family,60,Fantasy,47,7.6175040518638575,6.702387117321938,13.0,1214.0
14,become,50,Fantasy,46,7.455429497568882,6.351229507645311,14.0,271.0
15,mysterious,51,Fantasy,46,7.455429497568882,6.508076391892375,15.0,1044.0
16,it's,48,Fantasy,44,7.13128038897893,6.436404571272036,16.0,5133.0
17,own,48,Fantasy,44,7.13128038897893,6.38858088882964,17.0,3071.0
18,discovers,47,Fantasy,44,7.13128038897893,6.442643908637098,18.0,6451.0
19,first,47,Fantasy,44,7.13128038897893,6.6406866623885525,19.0,1652.0
20,meets,44,Fantasy,43,6.9692058346839545,6.465434329109847,20.0,3203.0
21,make,49,Fantasy,43,6.9692058346839545,6.492386589927826,21.0,3413.0
22,girl,48,Fantasy,41,6.645056726094003,6.6206029664659045,22.0,4196.0
23,people,48,Fantasy,41,6.645056726094003,6.703806533729888,23.0,3513.0
24,boy,47,Fantasy,40,6.482982171799027,6.349874601751902,24.0,4883.0
25,town,47,Fantasy,39,6.320907617504052,6.600328274604958,25.0,3430.0
26,good,40,Fantasy,37,5.996758508914101,6.336579492206754,26.0,320.0
27,he's,50,Fantasy,36,5.834683954619125,6.466336122937205,27.0,2115.0
28,woman,43,Fantasy,36,5.834683954619125,6.141506243487331,28.0,5725.0
29,stop,36,Fantasy,35,5.672609400324149,6.476649709271585,29.0,2362.0
30,death,39,Fantasy,35,5.672609400324149,6.667724230500001,30.0,3747.0
31,friend,35,Fantasy,34,5.510534846029174,6.53278919024438,31.0,2699.0
32,home,36,Fantasy,33,5.348460291734198,6.522748412834403,32.0,5059.0
33,same,36,Fantasy,33,5.348460291734198,6.864368599809882,33.0,4064.0
34,daughter,33,Fantasy,32,5.186385737439222,6.183507954130791,34.0,5581.0
35,friends,34,Fantasy,32,5.186385737439222,6.650597446915519,35.0,4341.0
36,power,35,Fantasy,31,5.024311183144246,6.567659354830777,36.0,5026.0
37,things,33,Fantasy,31,5.024311183144246,6.630538550865668,37.0,2830.0
38,next,36,Fantasy,31,5.024311183144246,6.569325437302433,38.0,5737.0
39,son,34,Fantasy,31,5.024311183144246,6.43223584006285,39.0,3396.0
40,little,34,Fantasy,31,5.024311183144246,6.547540004470314,40.0,4398.0
0,new,137,Mystery,112,16.25544267053701,6.443565077686985,0.0,594.0
1,young,104,Mystery,93,13.497822931785196,6.33614439187373,1.0,6191.0
2,man,113,Mystery,93,13.497822931785196,6.584407495985043,2.0,4357.0
3,police,103,Mystery,87,12.62699564586357,6.425567947430675,3.0,2823.0
4,becomes,92,Mystery,80,11.611030478955009,6.309854852239401,4.0,1603.0
5,murder,95,Mystery,79,11.46589259796807,6.577785218849984,5.0,4101.0
6,get,88,Mystery,75,10.88534107402032,6.403032421383086,6.0,5998.0
7,wife,79,Mystery,71,10.304789550072568,6.534171068825789,7.0,4227.0
8,help,79,Mystery,68,9.869375907111756,6.64051002458912,8.0,5126.0
9,detective,84,Mystery,67,9.72423802612482,6.53186782056428,9.0,3983.0
10,life,84,Mystery,64,9.288824383164004,6.324913357577935,10.0,1464.0
11,mysterious,67,Mystery,63,9.143686502177069,6.281996121907144,11.0,1128.0
12,old,68,Mystery,62,8.99854862119013,6.375852307369843,12.0,3506.0
13,years,66,Mystery,62,8.99854862119013,6.462202141066195,13.0,10.0
14,woman,72,Mystery,60,8.708272859216255,6.1539181545576565,14.0,6104.0
15,time,59,Mystery,57,8.272859216255442,6.410088432415751,15.0,6979.0
16,death,60,Mystery,55,7.982583454281568,6.532480729646347,16.0,3993.0
17,own,63,Mystery,53,7.6923076923076925,6.554256786596644,17.0,3281.0
18,people,61,Mystery,53,7.6923076923076925,6.444905314500157,18.0,3747.0
19,way,56,Mystery,52,7.547169811320755,6.303681843725442,19.0,5516.0
20,other,57,Mystery,51,7.402031930333817,6.540333408888251,20.0,5427.0
21,first,57,Mystery,50,7.256894049346879,6.490832649265102,21.0,1777.0
22,begins,58,Mystery,50,7.256894049346879,6.2994384154466285,22.0,1660.0
23,dead,53,Mystery,49,7.111756168359942,6.406283265257237,23.0,4330.0
24,case,55,Mystery,48,6.966618287373004,6.563869426189815,24.0,1784.0
25,story,63,Mystery,48,6.966618287373004,6.5521044487840605,25.0,1616.0
26,secret,55,Mystery,46,6.6763425253991295,6.254524041694019,26.0,3157.0
27,killer,54,Mystery,44,6.386066763425254,6.317024375805502,27.0,6770.0
28,world,51,Mystery,44,6.386066763425254,6.454864895519853,28.0,6717.0
29,take,48,Mystery,43,6.2409288824383164,6.464944103170418,29.0,6081.0
30,meets,43,Mystery,42,6.095791001451379,6.563748392160231,30.0,3439.0
31,father,53,Mystery,42,6.095791001451379,6.275807323295406,31.0,749.0
32,discovers,41,Mystery,41,5.950653120464441,6.339614140164286,32.0,6864.0
33,daughter,43,Mystery,40,5.805515239477503,6.396960626708517,33.0,5967.0
34,friend,48,Mystery,39,5.660377358490566,6.490490389724108,34.0,2889.0
35,kill,40,Mystery,39,5.660377358490566,6.786059374853565,35.0,1543.0
36,town,46,Mystery,39,5.660377358490566,6.19374889972075,36.0,3667.0
37,home,42,Mystery,38,5.515239477503629,6.1963899170329055,37.0,5400.0
38,husband,46,Mystery,38,5.515239477503629,6.62102499075053,38.0,4262.0
39,body,44,Mystery,37,5.370101596516691,6.09831404803689,39.0,4735.0
40,house,48,Mystery,37,5.370101596516691,6.375464359232991,40.0,6860.0
41,son,40,Mystery,37,5.370101596516691,6.464088393608715,41.0,3639.0
42,former,45,Mystery,37,5.370101596516691,6.44831965830078,42.0,1916.0
43,investigate,37,Mystery,37,5.370101596516691,6.374527818412196,43.0,6198.0
44,girl,43,Mystery,36,5.2249637155297535,6.360086615072238,44.0,4488.0
45,discover,38,Mystery,36,5.2249637155297535,6.466920910514535,45.0,4266.0
46,things,38,Mystery,36,5.2249637155297535,6.423208753616275,46.0,3019.0
47,private,38,Mystery,36,5.2249637155297535,6.347425144664052,47.0,706.0
48,small,37,Mystery,35,5.079825834542816,6.499663532087711,48.0,1964.0
49,night,35,Mystery,35,5.079825834542816,6.216857354496213,49.0,6232.0
50,he's,44,Mystery,35,5.079825834542816,6.459626072736232,50.0,2317.0
51,come,37,Mystery,35,5.079825834542816,6.431071784213375,51.0,311.0
52,group,37,Mystery,35,5.079825834542816,6.224338546410213,52.0,3668.0
53,same,39,Mystery,35,5.079825834542816,6.715683414682044,53.0,4343.0
0,new,282,Crime,220,16.430171769977594,6.445086587454107,0.0,895.0
1,man,232,Crime,190,14.189693801344289,6.436780950210755,1.0,6534.0
2,police,229,Crime,190,14.189693801344289,6.382479056432902,2.0,4231.0
3,young,166,Crime,148,11.053024645257654,6.242149081623305,3.0,9276.0
4,life,162,Crime,142,10.604929051530991,6.322672273298059,4.0,2213.0
5,murder,150,Crime,133,9.932785660941,6.564418146825486,5.0,6147.0
6,other,131,Crime,113,8.439133681852129,6.454913784656648,6.0,8095.0
7,becomes,123,Crime,107,7.991038088125467,6.376080342149465,7.0,2396.0
8,drug,145,Crime,105,7.8416728902165795,6.225535353166274,8.0,7.0
9,he's,139,Crime,105,7.8416728902165795,6.402049912301041,9.0,3408.0
10,wife,113,Crime,105,7.8416728902165795,6.452238474343771,10.0,6330.0
11,time,114,Crime,104,7.766990291262136,6.412596406766907,11.0,10452.0
12,own,116,Crime,100,7.468259895444361,6.596263071889212,12.0,4897.0
13,old,110,Crime,97,7.2442120985810305,6.366931616855607,13.0,5216.0
14,money,123,Crime,97,7.2442120985810305,6.496906821767505,14.0,2637.0
15,crime,108,Crime,94,7.0201643017177,6.487876382564927,15.0,9957.0
16,way,100,Crime,93,6.9454817027632565,6.465186155915999,16.0,8234.0
17,take,101,Crime,92,6.870799103808813,6.439027197853887,17.0,9095.0
18,family,118,Crime,91,6.796116504854369,6.514854310140347,18.0,1978.0
19,detective,108,Crime,87,6.4973861090365945,6.476243694649053,19.0,5957.0
20,it's,93,Crime,86,6.422703510082151,6.425170552397841,20.0,8172.0
21,tries,93,Crime,86,6.422703510082151,6.3830317663130565,21.0,9559.0
22,story,95,Crime,86,6.422703510082151,6.563525492684472,22.0,2416.0
23,years,90,Crime,85,6.348020911127708,6.577610786843502,23.0,12.0
24,woman,93,Crime,84,6.273338312173264,6.231556178843277,24.0,9121.0
25,begins,98,Crime,84,6.273338312173264,6.430465691611444,25.0,2466.0
26,son,87,Crime,82,6.123973114264376,6.359129025245115,26.0,5424.0
27,local,87,Crime,80,5.974607916355489,6.284225365400738,27.0,3923.0
28,former,86,Crime,76,5.675877520537715,6.429296608339699,28.0,2855.0
29,job,81,Crime,74,5.526512322628827,6.328417188110379,29.0,4066.0
30,death,78,Crime,71,5.3024645257654965,6.462272566080056,30.0,5986.0
31,york,82,Crime,71,5.3024645257654965,6.3619008894742,31.0,9845.0
32,work,74,Crime,70,5.227781926811053,6.520716501909465,32.0,4868.0
33,cop,78,Crime,69,5.1530993278566095,6.262789068590394,33.0,3401.0
34,daughter,76,Crime,69,5.1530993278566095,6.39675073159834,34.0,8908.0
35,gang,94,Crime,68,5.078416728902166,6.423523406005021,35.0,531.0
36,city,86,Crime,68,5.078416728902166,6.363109052862981,36.0,1447.0
37,men,86,Crime,68,5.078416728902166,6.473201671092362,37.0,7376.0
38,meets,71,Crime,68,5.078416728902166,6.358993038860746,38.0,5121.0
0,new,697,Comedy,538,19.88909426987061,6.47248619958543,0.0,4893.0
1,life,391,Comedy,317,11.719038817005544,6.483491626811508,1.0,14518.0
2,young,325,Comedy,297,10.979667282809611,6.258646852586949,2.0,3848.0
3,other,304,Comedy,263,9.722735674676525,6.443737402591539,3.0,17009.0
4,help,277,Comedy,255,9.426987060998153,6.448127903151295,4.0,12174.0
5,man,316,Comedy,251,9.279112754158964,6.364396959881188,5.0,7225.0
6,family,284,Comedy,216,7.985212569316081,6.4748456433228405,6.0,799.0
7,time,249,Comedy,213,7.8743068391866915,6.570791754638968,7.0,13394.0
8,he's,267,Comedy,212,7.837338262476894,6.3491890191232,8.0,5921.0
9,meets,219,Comedy,205,7.578558225508318,6.394568922698164,9.0,6634.0
10,way,217,Comedy,205,7.578558225508318,6.4219565517247394,10.0,7979.0
11,own,230,Comedy,203,7.504621072088724,6.369491890917292,11.0,6537.0
12,old,232,Comedy,202,7.467652495378928,6.370347436206638,12.0,6682.0
13,first,203,Comedy,192,7.097966728280961,6.520745782367637,13.0,5600.0
14,becomes,212,Comedy,189,6.987060998151571,6.386891306579,14.0,968.0
15,decides,198,Comedy,184,6.802218114602588,6.346363640908568,15.0,17457.0
16,woman,209,Comedy,177,6.543438077634011,6.317682343273585,16.0,17460.0
17,friends,189,Comedy,174,6.432532347504621,6.394742236673122,17.0,16466.0
18,friend,177,Comedy,170,6.284658040665434,6.415037723324576,18.0,6305.0
19,world,186,Comedy,169,6.247689463955638,6.374583064886377,19.0,8705.0
20,father,198,Comedy,168,6.210720887245841,6.445947084154243,20.0,450.0
21,tries,183,Comedy,166,6.136783733826248,6.467738397555485,21.0,3989.0
22,become,177,Comedy,165,6.099815157116451,6.34438681921014,22.0,13781.0
23,school,215,Comedy,165,6.099815157116451,6.568313638246711,23.0,2548.0
24,years,179,Comedy,164,6.062846580406655,6.49487473793394,24.0,9062.0
25,wife,176,Comedy,161,5.951940850277264,6.32529771839268,25.0,16233.0
26,big,175,Comedy,156,5.767097966728281,6.432196090690763,26.0,8858.0
27,story,190,Comedy,156,5.767097966728281,6.47667083927271,27.0,5509.0
28,doesn't,175,Comedy,154,5.693160813308688,6.5202572064966375,28.0,9059.0
29,things,164,Comedy,154,5.693160813308688,6.352286469692419,29.0,10958.0
30,town,194,Comedy,152,5.619223659889094,6.332360650675761,30.0,2240.0
31,high,170,Comedy,148,5.471349353049908,6.513054256262885,31.0,11195.0
32,job,166,Comedy,147,5.434380776340111,6.404215209968392,32.0,10771.0
33,york,175,Comedy,147,5.434380776340111,6.438554893698085,33.0,13103.0
34,home,151,Comedy,144,5.323475046210721,6.350805718618173,34.0,16991.0
35,girl,155,Comedy,137,5.064695009242144,6.359421234574063,35.0,2742.0
0,,37,Short,37,40.21739130434783,6.181743071158982,0.0,383.0
1,film,8,Short,8,8.695652173913043,6.208894765828067,1.0,523.0
2,find,5,Short,5,5.434782608695652,6.656322694124285,2.0,34.0
3,new,6,Short,5,5.434782608695652,6.80607249637206,3.0,247.0
4,set,5,Short,5,5.434782608695652,5.843746530306957,4.0,642.0
0,new,269,Action,219,16.102941176470587,6.364919996595193,0.0,8341.0
1,man,205,Action,173,12.720588235294118,6.2902903492884255,1.0,4753.0
2,help,159,Action,145,10.661764705882351,6.3036061995708375,2.0,6818.0
3,finds,159,Action,133,9.779411764705882,6.282624267056393,3.0,4126.0
4,years,126,Action,121,8.897058823529411,6.4477767523872815,4.0,10784.0
5,young,135,Action,120,8.823529411764707,6.254144665687133,5.0,1262.0
6,police,160,Action,118,8.676470588235293,6.207737994638373,6.0,4929.0
7,life,134,Action,116,8.529411764705882,6.407578570556659,7.0,3501.0
8,other,143,Action,114,8.382352941176471,6.394488386041743,8.0,9850.0
9,world,127,Action,113,8.308823529411764,6.478225835101054,9.0,8087.0
10,take,124,Action,111,8.161764705882353,6.370615849921019,10.0,9800.0
11,way,118,Action,111,8.161764705882353,6.358941312157491,11.0,2260.0
12,war,115,Action,102,7.5,6.572555373500337,12.0,343.0
13,stop,107,Action,99,7.279411764705882,6.222242300193999,13.0,3151.0
14,group,111,Action,97,7.132352941176471,6.003973677937551,14.0,8019.0
15,own,108,Action,96,7.0588235294117645,6.381223324419057,15.0,6498.0
16,time,106,Action,96,7.0588235294117645,6.50564662682052,16.0,4644.0
17,men,127,Action,94,6.911764705882353,6.338471521862459,17.0,4135.0
18,decides,97,Action,85,6.25,6.333331573746321,18.0,2013.0
19,former,97,Action,83,6.102941176470588,6.340809277967418,19.0,2327.0
20,old,94,Action,83,6.102941176470588,6.298069018509391,20.0,986.0
21,secret,102,Action,82,6.029411764705882,6.180089732767108,21.0,5556.0
22,becomes,90,Action,79,5.8088235294117645,6.347006301351397,22.0,3171.0
23,wife,85,Action,79,5.8088235294117645,6.21521043424803,23.0,4440.0
24,tries,91,Action,79,5.8088235294117645,6.159819397602824,24.0,8261.0
25,fight,88,Action,79,5.8088235294117645,6.310854735824042,25.0,8757.0
26,american,90,Action,79,5.8088235294117645,6.322472990063276,26.0,1916.0
27,first,92,Action,78,5.735294117647059,6.694575009253038,27.0,4029.0
28,become,83,Action,78,5.735294117647059,6.277238945991812,28.0,7736.0
29,story,83,Action,73,5.367647058823529,6.498951859782478,29.0,4060.0
30,drug,100,Action,73,5.367647058823529,6.265361876610037,30.0,9089.0
31,people,82,Action,72,5.294117647058823,6.360312297712582,31.0,233.0
32,it's,77,Action,71,5.220588235294118,6.41474120619788,32.0,136.0
33,evil,81,Action,70,5.147058823529412,6.322216886211842,33.0,9900.0
0,new,386,Thriller,300,16.295491580662684,6.302426645713654,0.0,9880.0
1,man,305,Thriller,259,14.068441064638783,6.337495470602528,1.0,5660.0
2,young,261,Thriller,225,12.221618685497011,6.101697001059774,2.0,1540.0
3,police,259,Thriller,211,11.461162411732754,6.218482997629486,3.0,5875.0
4,finds,229,Thriller,208,11.298207495926126,6.33076063007573,4.0,4905.0
5,life,213,Thriller,179,9.722976643128735,6.20335304617996,5.0,4184.0
6,wife,175,Thriller,159,8.636610537751222,6.163211292679779,6.0,5286.0
7,years,166,Thriller,155,8.419337316675719,6.236160358845362,7.0,12745.0
8,other,171,Thriller,149,8.093427485062467,6.311686456638208,8.0,11679.0
9,murder,169,Thriller,143,7.767517653449213,6.347921948990272,9.0,4494.0
10,own,160,Thriller,141,7.658881042911461,6.40277851363114,10.0,7701.0
11,take,149,Thriller,134,7.278652906029332,6.337545871744043,11.0,11626.0
12,people,149,Thriller,132,7.170016295491581,6.272969849166421,12.0,299.0
13,old,147,Thriller,132,7.170016295491581,6.311717401344961,13.0,1232.0
14,time,148,Thriller,131,7.115697990222705,6.2651228165263335,14.0,5536.0
15,way,144,Thriller,131,7.115697990222705,6.386379059483887,15.0,2740.0
16,woman,146,Thriller,123,6.6811515480717,6.080893195515704,16.0,2251.0
17,group,138,Thriller,119,6.4638783269961975,6.151472270236368,17.0,9532.0
18,he's,139,Thriller,116,6.30092341118957,6.417057050916249,18.0,3320.0
19,world,131,Thriller,113,6.137968495382944,6.368410477513615,19.0,9606.0
20,decides,126,Thriller,112,6.083650190114068,6.168085518741664,20.0,2424.0
21,first,127,Thriller,110,5.975013579576317,6.527329549833579,21.0,4793.0
22,story,126,Thriller,108,5.866376969038566,6.42972053759399,22.0,4831.0
23,death,118,Thriller,107,5.81205866376969,6.28016508295549,23.0,3290.0
24,secret,123,Thriller,105,5.70342205323194,6.193916217999125,24.0,6578.0
25,meets,108,Thriller,104,5.649103747963063,6.305170449482966,25.0,11183.0
26,daughter,118,Thriller,103,5.594785442694188,6.2711150756270655,26.0,4300.0
27,discovers,106,Thriller,102,5.5404671374253125,6.324420574582905,27.0,11364.0
28,love,121,Thriller,99,5.3775122216186855,6.2143851372475325,28.0,110.0
29,former,113,Thriller,98,5.32319391634981,6.358912964964246,29.0,2835.0
30,detective,125,Thriller,97,5.268875611080935,6.346069203927008,30.0,10058.0
31,men,122,Thriller,97,5.268875611080935,6.259740325048389,31.0,4912.0
32,stop,107,Thriller,97,5.268875611080935,6.176177700781636,32.0,3795.0
33,work,106,Thriller,96,5.2145573058120585,6.460354102750133,33.0,4197.0
34,it's,100,Thriller,95,5.160239000543183,6.293765525306479,34.0,168.0
35,mysterious,96,Thriller,94,5.105920695274308,6.001515056969919,35.0,10793.0
36,town,113,Thriller,93,5.051602390005431,6.166007390693503,36.0,7100.0
0,new,140,Sci-Fi,117,16.386554621848738,6.303755822519249,0.0,5355.0
1,world,103,Sci-Fi,78,10.92436974789916,6.355742050631571,1.0,5195.0
2,man,86,Sci-Fi,74,10.364145658263306,6.135302707526247,2.0,3052.0
3,years,71,Sci-Fi,68,9.523809523809524,6.543719530502499,3.0,6923.0
4,way,68,Sci-Fi,65,9.103641456582633,6.15933041209441,4.0,1470.0
5,alien,81,Sci-Fi,63,8.823529411764707,6.2224341034887845,5.0,1710.0
6,people,67,Sci-Fi,61,8.543417366946779,6.254679578394466,6.0,152.0
7,time,82,Sci-Fi,60,8.403361344537815,6.368435242755265,7.0,2987.0
8,help,66,Sci-Fi,60,8.403361344537815,6.236079665190686,8.0,4382.0
9,life,77,Sci-Fi,58,8.123249299719888,6.35212470842655,9.0,2276.0
10,scientist,63,Sci-Fi,57,7.983193277310924,6.076028373015273,10.0,1192.0
11,discovers,58,Sci-Fi,57,7.983193277310924,6.281332606696227,11.0,6188.0
12,planet,73,Sci-Fi,56,7.84313725490196,6.282142861658092,12.0,879.0
13,young,59,Sci-Fi,54,7.563025210084033,6.31549136112024,13.0,799.0
14,human,61,Sci-Fi,53,7.42296918767507,6.057374783119399,14.0,1586.0
15,group,58,Sci-Fi,53,7.42296918767507,5.972518506295315,15.0,5154.0
16,discover,55,Sci-Fi,52,7.282913165266106,6.269219970942396,16.0,890.0
17,other,58,Sci-Fi,51,7.142857142857143,6.313036639167838,17.0,6335.0
18,space,63,Sci-Fi,50,7.002801120448179,6.110031281858552,18.0,1546.0
19,evil,51,Sci-Fi,46,6.442577030812325,6.137367589272294,19.0,6367.0
20,mysterious,53,Sci-Fi,46,6.442577030812325,6.257197714943886,20.0,5860.0
21,it's,51,Sci-Fi,45,6.302521008403361,6.185365977974491,21.0,97.0
22,first,54,Sci-Fi,44,6.162464985994398,6.631283000024155,22.0,2609.0
23,own,46,Sci-Fi,43,6.022408963585434,6.103594511376199,23.0,4171.0
24,secret,49,Sci-Fi,42,5.882352941176471,6.230260506573787,24.0,3558.0
25,tries,43,Sci-Fi,39,5.46218487394958,5.91285170239627,25.0,5309.0
26,old,38,Sci-Fi,38,5.322128851540616,6.598494610466922,26.0,612.0
27,battle,39,Sci-Fi,37,5.182072829131653,6.344186513179416,27.0,3832.0
28,town,43,Sci-Fi,37,5.182072829131653,5.761673580508159,28.0,3827.0
29,future,42,Sci-Fi,37,5.182072829131653,6.332081361197647,29.0,6585.0
30,war,43,Sci-Fi,36,5.042016806722689,6.766209488302058,30.0,224.0
31,story,41,Sci-Fi,36,5.042016806722689,6.186510990429633,31.0,2630.0
32,race,38,Sci-Fi,36,5.042016806722689,6.393890599174747,32.0,3677.0
0,young,129,Horror,112,14.795244385733158,5.792161346382781,0.0,742.0
1,new,105,Horror,93,12.285336856010568,5.657499129908907,1.0,4843.0
2,group,88,Horror,81,10.7001321003963,5.500760306508744,2.0,4661.0
3,years,74,Horror,73,9.64332892998679,5.574464026851089,3.0,6225.0
4,finds,84,Horror,73,9.64332892998679,5.832747788639844,4.0,2418.0
5,town,86,Horror,71,9.379128137384413,5.832813643932245,5.0,3483.0
6,man,81,Horror,69,9.114927344782034,5.896493516659814,6.0,2787.0
7,people,77,Horror,68,8.982826948480845,5.640747717563508,7.0,140.0
8,old,88,Horror,67,8.850726552179657,5.742298976114243,8.0,587.0
9,help,76,Horror,67,8.850726552179657,6.146416201828722,9.0,3960.0
10,mysterious,73,Horror,66,8.718626155878468,5.712842548483209,10.0,5277.0
11,house,87,Horror,58,7.661822985468956,5.743227451317953,11.0,6355.0
12,life,57,Horror,52,6.869220607661823,5.833693470458877,12.0,2072.0
13,woman,61,Horror,51,6.737120211360634,5.726061972237996,13.0,1113.0
14,evil,59,Horror,51,6.737120211360634,5.417108993285103,14.0,5737.0
15,small,53,Horror,50,6.605019815059445,5.978852491721426,15.0,5983.0
16,other,53,Horror,50,6.605019815059445,5.883863460069072,16.0,5705.0
17,dead,60,Horror,50,6.605019815059445,5.626418034723319,17.0,7.0
18,strange,54,Horror,49,6.472919418758257,5.84176525310811,18.0,1701.0
19,killer,62,Horror,49,6.472919418758257,5.534993366538591,19.0,4068.0
20,death,54,Horror,47,6.208718626155878,5.93897609252799,20.0,1657.0
21,time,48,Horror,45,5.9445178335535,5.913238712207814,21.0,2722.0
22,way,45,Horror,44,5.812417437252312,5.526074451857372,22.0,1358.0
23,first,46,Horror,43,5.680317040951123,5.859481054956611,23.0,2370.0
24,friends,52,Horror,42,5.548216644649934,5.406624298615293,24.0,1364.0
25,tries,42,Horror,41,5.416116248348745,6.1075030937972965,25.0,4796.0
26,girl,45,Horror,41,5.416116248348745,5.673093670400185,26.0,310.0
27,family,48,Horror,41,5.416116248348745,5.633987050234132,27.0,1176.0
28,father,55,Horror,41,5.416116248348745,5.9219920162434265,28.0,4762.0
29,local,46,Horror,41,5.416116248348745,5.666168746119916,29.0,2032.0
30,daughter,47,Horror,40,5.284015852047556,5.754099445313456,30.0,2127.0
31,decides,41,Horror,40,5.284015852047556,5.49082138897905,31.0,1205.0
32,meets,40,Horror,40,5.284015852047556,5.933122934356222,32.0,5481.0
33,discover,44,Horror,40,5.284015852047556,5.879486518660624,33.0,818.0
34,own,39,Horror,39,5.151915455746368,6.013351564199025,34.0,3784.0
35,body,46,Horror,39,5.151915455746368,5.463246413639391,35.0,802.0
36,things,42,Horror,39,5.151915455746368,5.964976156624611,36.0,2661.0
37,wife,41,Horror,38,5.019815059445178,5.776219175838186,37.0,2601.0
